10 причин моей ненависти;10 Things I Hate About You
10;Мулан;Mulan
12 подвигов Астерикса;Les 12 travaux d'Ast?rix;10
13 грехов;13 Sins
2012;2012
3 гигантских человека;3 dev adam
All American Doctor Who
Altered Carbon
Attack on Titan
BBC: Планета Земля;Planet Earth
BBC: Прогулки с динозаврами
BBC: Прогулки с монстрами. Жизнь до динозавров
BBC: Прогулки с чудовищами
Big Wolf on Campus
Bleach
Brave New World
Chakra the Invincible(2013)
Chakra the Invincible(мини-сериал, 2015)
Chakra the Invincible: The Rise of Infinitus(2016)
Charmed
Chilling Adventures of Sabrina
Chobits
CKY 3
Code Geass
Constantine: City of Demons
Darling in the FranXX
Death Note
Death Parade
Disenchantment
Do You Have a License to Save This Planet
Doctor Who
Doctor Who: Good as Gold
Elfen Lied
Fullmetal Alchemist: Brotherhood
Futurama
G.I. Joe: Бросок кобры 2;G.I. Joe: Retaliation
G.I. Joe: Бросок кобры 3;G.I. Joe: Ever Vigilant
Game of Thrones
Garfield Gets a Life
Garfield in Disguise
Garfield in the Rough
Garfield's Babes and Bullets
Garfield's Feline Fantasies
Garfield's Thanksgiving
Gargoyles
God Eater
Good Omens
Gravity Falls
Hagane no Renkinjutsushi
Hagane no Renkinjutsushi / FullMetal Alchemist
Hercules: The Legendary Journeys
Higurashi no Naku Koro ni
Higurashi no Naku Koro ni kai
How to Train Your Dragon: Snoggletog Log
Ichiban Ushiro no Daimaou
InuYasha
Jackie Chan Adventures
Kingsman: Золотое кольцо;Kingsman: The Golden Circle
Kingsman: Секретная служба;Kingsman: The Secret Service
Legend of the Seeker
LEGO Marvel Super Heroes - Guardians of the Galaxy: The Thanos Threat(2017)
LEGO Marvel Super Heroes: Black Panther - Trouble in Wakanda(2018)
LEGO Мир Юрского периода: Побег Индоминуса 2016;5.250(281) Lego Jurassic World: The Indominus Escape
LEGO Мир Юрского периода: Секретный экспонат (мини-сериал) 2018;Lego Jurassic World: The Secret Exhibit
LEGO Супергерои Marvel: Максимальная перегрузка(мини-сериал, 2013);Lego Marvel Super Heroes: Maximum __Overload
LEGO Супергерои Marvel: Мстители. Снова в сборе(2015);Lego Marvel Super Heroes: Avengers Reassembled
Lost in Space
Love, Death & Robots
Lucifer
Made in Abyss
Marvel Video Comics(мини-сериал, 2016)
Marvel's Agents of S.H.I.E.L.D.
Marvel: Агент Картер;Marvel One-Shot: Agent Carter
Marvel: Да здравствует король;Marvel One-Shot: All Hail the King
Marvel: Образец 47;Marvel One-Shot: Item 47
Mr. Robot
No Game No Life
Pandy(2021)
Planet Earth II
Preacher
Princess Sissi
Prison Break
Ragnarok
Raised by Wolves
Rapunzel's Tangled Adventure
Rick and Morty
Robin Williams in Multiple Exposures
Rosario + Vampire
Sabrina, the Teenage Witch
Shining Time Station: Queen for a Day
skaylayn-3
Sliders
Solar Opposites
Stan Lee's Lucky Man: The Bracelet Chronicles(мини-сериал, 2017)
Stranger Things
Supernatural
SuperАлиби;Alibi.com;10
Tardisodes
Teen Wolf
The 10th Kingdom
The 4400
The Boys
The Doctor Games
The Few Doctors
The Land Before Time
The Mandalorian
The Nanny Reunion: A Nosh to Remember
The Originals
The Untamed
The Vampire Diaries
The Witcher
Thomas & Friends: Engine Friends
Time Warp
Tokyo Ghoul
True Blood
Untitled Alien Prequel
Untitled Star Wars/Boba Fett Project
Untitled Star Wars/Obi-Wan Kenobi Series
Vikings
Walking With Beasts
Walking with Dinosaurs
Walking With Monsters
Wunschpunsch
Xena: Warrior Princess
Zомбилэнд: Контрольный выстрел;Zombieland: Double Tap
«Футурама» возвращается;'Futurama' Returns
А вот и Гарфилд;Here Comes Garfield
Аватар 2;Avatar 2
Аватар 3;Avatar 3
Аватар 4;Avatar 4
Аватар 5;Avatar 5
Аватар;Avatar;10
Август Раш;August Rush
Австралия;Australia
Автостопом по галактике;The Hitchhiker's Guide to the Galaxy
Агент Картер(сериал, 2015–2016);Agent Carter
Агент Картер;Agent Carter
Агенты «Щ.И.Т.»
Агенты «Щ.И.Т.»(сериал, 2013–2020);Agents of S.H.I.E.L.D.
Агенты «Щ.И.Т.»: Йо-йо(мини-сериал, 2016);Agents of S.H.I.E.L.D.: Slingshot
Агенты «Щ.И.Т.»;Agents of S.H.I.E.L.D.
Аквамен 2;Aquaman 2
Аквамен;Aquaman
Акула Юрского периода (видео) 2003;2.908(732) Shark Zone
Акула Юрского периода 2012;Jurassic Shark
Аладдин и король разбойников;Aladdin and the King of Thieves
Аладдин;Aladdin
Аладдин;Aladdin;08
Аладдин;Aladdin;10
Алеша Попович и Тугарин Змей;09
Алжир, увиденный с неба;L'Alg?rie vue du ciel
Алиса в стране чудес;Alice in Wonderland;08
Американские боги;American Gods
Американский оборотень в Париже
Американский папаша;American Dad!;09
Анаконда 2: Охота за проклятой орхидеей;Anacondas: The Hunt for the Blood Orchid
Анаконда 3: Цена эксперимента;Anaconda: Offspring
Анаконда 4: Кровавый след;Anacondas 4: Trail of Blood
Анаконда;Anaconda
Ангел-А;Angel-A;10
Ангелы и Демоны;Angels & Demons
Андромеда;Andromeda
Аниматрица: Второе возрождение – Часть 1;The Second Renaissance Part I
Аниматрица: Второе возрождение – Часть 2;The Second Renaissance Part II
Аниматрица: Последний полет Осириса;Final Flight of the Osiris
Аниматрица: Программа;Program
Аниме Marvel(сериал, 2010–...)Marvel Anime
Аниме Marvel;Marvel Anime
Аристократы;The Aristocrats
Армагеддон;Armageddon
Астерикс в Британии;Ast?rix chez les Bretons;10
Астерикс завоевывает Америку;Asterix in America;08
Астерикс и викинги;Ast?rix et les Vikings
Астерикс и Клеопатра;Ast?rix et Cl?op?tre;10
Астерикс и Обеликс в Британии;Ast?rix & Ob?lix: Au service de sa Majest?;05
Астерикс и Обеликс против Цезаря;Ast?rix & Ob?lix contre C?sar;10
Астерикс и Обеликс: Миссия Клеопатра;Asterix & Obelix: Mission Cleopatre;10
Астерикс из Галлии;Asterix le Gaulois;09
Астерикс на Олимпийских играх;Ast?rix aux jeux olympiques;10
Астерикс против Цезаря;Ast?rix et la surprise de C?sar;09
Астерикс: Земля Богов;Ast?rix: Le domaine des dieux
Атака Юрского периода 2012;2.432(1 214) Jurassic Attack
Атлантида 2: Возвращение Майло;Atlantis: Milo's Return;06
Атлантида: Затерянный мир;Atlantis: The Lost Empire;10
Афера по-американски;American Hustle
Аферисты Дик и Джейн;Fun with Dick and Jane
Бал монстров;Monster's Ball
Банан;Banana;09
Банда Келли;Ned Kelly
Бар в большом городе
Барака;Baraka
Бахубали: Начало;Bahubali: The Beginning
Бахубали: Потерянные легенды;Baahubali: The Lost Legends
Бахубали: Рождение легенды;Baahubali 2: The Conclusion
Беглецы(сериал, 2017–2019);Runaways
Бегущий в лабиринте: Испытание огнём;Maze Runner: The Scorch Trials;2015;Фильмы;07
Бегущий в лабиринте: Лекарство от смерти;Maze Runner: The Death Cure;2018;Фильмы;09
Бегущий в лабиринте;The Maze Runner;2014;Фильмы;09
Бегущий по лезвию 2049;Blade Runner 2049
Бегущий по лезвию;Blade Runner
Без чувств;Senseless;10
Безымянный проект о Джейсоне Борне;Untitled Jeremy Renner/Bourne Sequel
Белая мгла;Whiteout
Бессонница;Insomnia
Би Муви: Медовый заговор;Bee Movie;09
Битва за планету Терра;Battle for Terra
Битва Титанов;Clash of the Titans
Благие знамения
Бладрейн 2: Освобождение;BloodRayne II: Deliverance
Бладрейн 3;BloodRayne: The Third Reich
Бладрейн;BloodRayne
Бладшот;Bloodshot
Блич
Блич 1;Bleach: Memories of Nobody;2006;Мультфильмы;10
Блич 2;Gekijô ban Bleach: The DiamondDust Rebellion (Mô hitotsu no hyôrinmaru);2007;Мультфильмы;10
Блич 3;Gekijô ban Bleach: Fade to Black (Kimi no na o yobu);2008;Мультфильмы;10
Блич;Bleach: Bur?chi
Блондинка в эфире;Walk of Shame
Блэйд 2(2002);Blade II
Блэйд 2;Blade II
Блэйд 3: Троица(2004);Blade: Trinity
Блэйд 3: Троица;Blade: Trinity
Блэйд(1998);Blade
Блэйд(мини-сериал, 2011);Blade
Блэйд;Blade
Блэйд;Blade: The Series
Бойцовский клуб;Fight Club;10
Большая белая обуза;The Big White
Большая свадьба;The Big Wedding
Большой бой Астерикса;Ast?rix et le coup du menhir;08
Большой куш;Snatch.
Братья Гримм;The Brothers Grimm
Бриджит Джонс 3;Bridget Jones's Baby
Бриджит Джонс: Грани разумного;Bridget Jones: The Edge of Reason
Бросок кобры;G.I. Joe: The Rise of Cobra
Брюс Всемогущий 2;Untitled Bruce Almighty Sequel
Брюс Всемогущий;Bruce Almighty;10
Будет смотреть 58
Бульвар;Boulevard
Бухта;The Cove
Быть человеком;Being Human
Бэмби 2;Bambi II
Бэмби;Bambi
Бэтмен возвращается;Batman Returns
Бэтмен и Робин;Batman & Robin
Бэтмен навсегда;Batman Forever
Бэтмен против Супермена: На заре справедливости;Batman v Superman: Dawn of Justice
Бэтмен: Начало;Batman Begins
Бэтмен: Рыцарь Готэма;Batman: Gotham Knight
Бэтмен;Batman
Бэтмен;The Batman
В джазе только девушки;Some Like It Hot;10
В погоне за Эми;Chasing Amy
В черной дыре;Into Pitch Black
Вакансия на жертву 2: Первый дубль;Vacancy 2: The First Cut
Вакансия на жертву;Vacancy
Валериан и город тысячи планет;Valerian and the City of a Thousand Planets
ВАЛЛ·И;WALL·E;10
Вампиранутые;Breaking Wind
Вампирский засос;Vampires Suck
Вампирша;Rise
Вампиры: Возрождение древнего рода;Slayer
Ван Гоги;02
Ван Хельсинг;Van Helsing;10
Ванда/Вижн;WandaVision
Варкрафт;Warcraft
Ведьмак
Ведьмак;The Witcher
Век глупцов;The Age of Stupid
Великая стена;The Great Wall;2016;Фильмы;10
Великий Человек-паук(сериал, 2012–2017);Ultimate Spider-Man
Великий Человек-паук;Ultimate Spider-Man
Веном 2;Venom 2
Веном(2018);Venom
Веном;Venom;09
Вечное сияние чистого разума;Eternal Sunshine of the Spotless Mind
Вечность;Forever
Вечные;Eternals
Вечный человек;Foreverman
Вживую: Джордж Карлин в УЮК;On Location: George Carlin at USC;09
Вживую: Джордж Карлин в Фениксе;On Location: George Carlin at Phoenix
Видоизмененный углерод
Викинги
Властелин колец: Братство кольца;The Lord of the Rings: The Fellowship of the Ring;2001;Фильмы;09
Властелин колец: Возвращение Короля;The Lord of the Rings: The Return of the King;2003;Фильмы;09
Властелин колец: Две крепости;The Lord of the Rings: The Two Towers;2002;Фильмы;09
Власть огня;Reign of Fire;09
Во все тяжкие;Breaking Bad
Военная хроника маленькой девочки: Сага о злой Тане;Youjo Senki;10
Возвращение в страну Оз;Return to Oz;01
Возвращение Джафара;The Return of Jafar;07
Воздушная тюрьма;Con Air
Воины света;Daybreakers
Война миров Z;World War Z
Война миров;War of the Worlds
Войны Юрского периода (сериал) 2005;Jurassic Wars
Войны Юрского периода (сериал) 2008;Jurassic Fight Club
Волки;Wolves
Волчонок
Волшебная история Жасмин: Путешествие Принцессы;Jasmine's Enchanted Tales: Journey of a Princess
Волшебник страны Оз;The Wizard of Oz
Воображариум доктора Парнаса;The Imaginarium of Doctor Parnassus
Ворон 2: Город ангелов;The Crow: City of Angels
Ворон 3: Спасение;The Crow: Salvation
Ворон: Жестокое причастие;The Crow: Wicked Prayer
Ворон;The Crow
Воспитанные волками
Восставший из ада 2;Hellbound: Hellraiser II
Восставший из ада 3: Ад на Земле;Hellraiser III: Hell on Earth
Восставший из ада 4: Кровное родство;Hellraiser: Bloodline
Восставший из ада 5: Преисподняя;Hellraiser: Inferno
Восставший из ада 6: Поиски ада;Hellraiser: Hellseeker
Восставший из ада 7: Армия мертвецов;Hellraiser: Deader
Восставший из ада 8: Адский мир;Hellraiser: Hellworld
Восставший из ада: Откровения;Hellraiser: Revelations
Восставший из ада;Hellraiser
Восстание планеты обезьян;Rise of the Planet of the Apes
Восход Marvel: Инициация(мини-сериал, 2018);Marvel Rising: Initiation
Восход Marvel: Тайные воины(2018);Marvel Rising: Secret Warriors
Восход тьмы;The Seeker: The Dark Is Rising
Восхождение Юпитер;Jupiter Ascending
Враг;Enemy
Время от времени;From Time to Time
Время первых
Время;In Time
Все без ума от Мэри;There's Something About Mary
Всегда говори «ДА»;Yes Man
Вспомнить всё;Total Recall
Всё могу;Absolutely Anything
Вторжение
Вторжение динозавра;Gwoemul
Вторжение титанов
Вуншпунш
Гадкие американцы;Ugly Americans;10
Гадкий я 2;Despicable Me 2;10
Гадкий я 3;Despicable Me 3
Гадкий я: Переполох миньонов 3D;Despicable Me: Minion Mayhem 3D;03
Гадкий я;Despicable Me;10
Газы юрского периода 1996;Jurassic Fart
Галактика Юрского периода 2018;Jurassic Galaxy
Гамлет;Hamlet
Гаргульи
Гарпии(2007);Harpies
Гарри Поттер и Дары Смерти: Часть I;Harry Potter and the Deathly Hallows: Part 1;2010;Фильмы;09
Гарри Поттер и Дары Смерти: Часть II;Harry Potter and the Deathly Hallows: Part 2;2011;Фильмы;09
Гарри Поттер и Кубок огня;Harry Potter and the Goblet of Fire;2005;Фильмы;10
Гарри Поттер и Орден Феникса;Harry Potter and the Order of the Phoenix;2007;Фильмы;10
Гарри Поттер и Принц-полукровка;Harry Potter and the Half-Blood Prince;2009;Фильмы;08
Гарри Поттер и Тайная комната;Harry Potter and the Chamber of Secrets;2002;Фильмы;09
Гарри Поттер и узник Азкабана;Harry Potter and the Prisoner of Azkaban;2004;Фильмы;10
Гарри Поттер и философский камень;Harry Potter and the Sorcerer's Stone;2001;Фильмы;10
Гарфилд 2: История двух кошечек;Garfield: A Tail of Two Kitties
Гарфилд в городе;Garfield on the Town
Гарфилд в раю;Garfield in Paradise
Гарфилд едет в Голливуд;Garfield Goes Hollywood
Гарфилд: Все 9 жизней;Garfield: His 9 Lives
Гарфилд;Garfield
Геракл в пещере Минотавра;Hercules in the Maze of the Minotaur;05
Геракл в подземном царстве;Hercules in the Underworld;08
Геракл и амазонки;Hercules and the Amazon Women;08
Геракл и затерянное королевство;Hercules: The Legendary Journeys - Hercules and the Lost Kingdom;08
Геракл и Огненный круг;Hercules: The Legendary Journeys - Hercules and the Circle of Fire;08
Геракл;Hercules
Геркулес;Hercules;10
Гнев Титанов;Wrath of the Titans
Гномео и Джульетта;Gnomeo & Juliet
Говард-утка;Howard the Duck
Годзилла 2: Король монстров;Godzilla: King of the Monsters
Годзилла;Godzilla
Голодные игры: И вспыхнет пламя;The Hunger Games: Catching Fire
Голодные игры: Сойка-пересмешница. Часть I;The Hunger Games: Mockingjay - Part 1
Голодные игры: Сойка-пересмешница. Часть II;The Hunger Games: Mockingjay - Part 2
Голодные игры;The Hunger Games
Голый барабанщик;The Rocker
Гонка на вымирание;Racing Extinction
Горбатая гора;Brokeback Mountain
Гори, гори ясно;Brightburn
Город героев;Big Hero 6
Город грехов 2: Женщина, ради которой стоит убивать;Sin City: A Dame to Kill For
Город грехов;Sin City
Город Эмбер: Побег;City of Ember
Город Юрского периода 2015;2.965(370) Jurassic City
Гравити Фолз
Гравити Фолз;Gravity Falls;2012;Мультфильмы;10
Грандиозный Человек-паук(сериал, 2008–2009);The Spectacular Spider-Man
Грандиозный Человек-паук: Атака Ящера(видео, 2008);The Spectacular Spider-Man: Attack of the Lizard
Грандиозный Человек-паук;The Spectacular Spider-Man
Грань будущего;Edge of Tomorrow
Грань;Fringe
Гром юрского периода 2019;Jurassic Thunder
Данила Поперечный
Двенадцать друзей Оушена;Ocean's Twelve
Дворецкий;The Butler
Двухсотлетний человек;Bicentennial Man
Девушка в поезде;The Girl on the Train
Девушка из Джерси;Jersey Girl
Девушка с татуировкой дракона;M?n som hatar kvinnor
Девушка с татуировкой дракона;The Girl with the Dragon Tattoo;10
Девушка, которая взрывала воздушные замки;Luftslottet som spr?ngdes
Девушка, которая играла с огнем;Flickan som lekte med elden
Девушка, которая играла с огнём;The Girl Who Played with Fire
Девятые врата 1999
Делай ноги 2;Happy Feet Two
Делай ноги;Happy Feet
День Доктора;The Day of the Doctor
День Земли, специальный выпуск;The Earth Day Special
День независимости 3;Independence Day 3
День независимости: Возрождение;Independence Day: Resurgence
День независимости;Independence Day;09
День отца;Fathers' Day
День, когда Земля остановилась;The Day the Earth Stood Still
День, когда остановилась Земля;The Day the Earth Stood Still
Десятое королевство
Десятое королевство;The 10th Kingdom
Детали;The Details
Дети дождя;Les Enfants de la pluie
Дети шпионов 2: Остров несбывшихся надежд;Spy Kids 2: Island of Lost Dreams
Дети шпионов 3: Игра окончена;Spy Kids 3-D: Game Over
Дети шпионов 4D;Spy Kids 4: All the Time in the World
Дети шпионов;Spy Kids
Джей и молчаливый Боб наносят ответный удар;Jay and Silent Bob Strike Back
Джей и молчаливый Боб уделывают Деграсси;Jay and Silent Bob Do Degrassi
Джей и молчаливый Боб: Перезагрузка;Jay and Silent Bob Reboot
Джек;Jack
Джессика Джонс(сериал, 2015–2019);Jessica Jones
Джессика Джонс;Jessica Jones
Джимми Карр: Комик;Jimmy Carr: Comedian;08
Джимми Карр: На концерте;Jimmy Carr: In Concert;10
Джоан Риверз: Творение;Joan Rivers: A Piece of Work
ДжоДжо: Поп-принцесса;JoJo: The Pop Princess
Джокер;Joker
Джон Картер;John Carter
Джон Уик;John Wick
Джона Хекс;Jonah Hex
Джордж Карлин: 40 лет на сцене;George Carlin: 40 Years of Comedy
Джордж Карлин: Вы все больны;George Carlin: You Are All Diseased
Джордж Карлин: Жалобы и недовольства;George Carlin: Complaints & Grievances
Джордж Карлин: Жизнь стоит того, чтобы её потерять;George Carlin: Life Is Worth Losing
Джордж Карлин: Зависая в Нью-Йорке;George Carlin: Jammin' in New York
Джордж Карлин: Игры с твоим разумом;George Carlin: Playin' with Your Head;09
Джордж Карлин: Карлин в Кампусе;George Carlin: Carlin on Campus;08
Джордж Карлин: Снова в городе;George Carlin: Back in Town
Джордж Карлин: Снова за старое;George Carlin: Doin' It Again
Джордж Карлин: Что я делаю в Нью-Джерси?;George Carlin: What Am I Doing in New Jersey?
Джордж Карлин: Это плохо для тебя!;George Carlin... It's Bad for Ya!;10
Джуманджи: Зов джунглей;Jumanji: Welcome to the Jungle
Джуманджи: Новый уровень;Jumanji: The Next Level
Джуманджи;Jumanji;10
Дивергент, глава 2: Инсургент;Insurgent
Дивергент, глава 3: За стеной;Allegiant
Дивергент, глава 4;The Divergent Series: Ascendant
Дивергент;Divergent
Дивный новый мир
Диктатор;The Dictator
Дитя человеческое;Children of Men
ДМБ;10
Дневник Бриджет Джонс;Bridget Jones's Diary
Дневники вампира
Дневники вампира: Тёмная правда;The Vampire Diaries: A Darker Truth
Дневники вампира;The Vampire Diaries;10
Дни Искушения;Last Days in the Desert
Добейся успеха 3: Всё или ничего;Bring It On: All or Nothing
Добейся успеха снова!;Bring It On: Again
Добейся успеха: Борись до конца!;Bring It On: Fight to the Finish
Добейся успеха: Всё за победу;Bring It On: In It to Win It
Добейся успеха;Bring It On;10
Добро пожаловать в Zомбилэнд;Zombieland
Добрыня Никитич и Змей Горыныч;08
Догма;Dogma;10
Доктор Кто
Доктор Кто и Проклятие неизбежной смерти;Comic Relief: Doctor Who - The Curse of Fatal Death
Доктор Кто: Конфиденциально;Doctor Who Confidential
Доктор Кто: Крик Шалки;Doctor Who: Scream of the Shalka
Доктор Кто: Крушение во времени;Doctor Who: Time Crash;05
Доктор Кто: Музыка сфер;Doctor Who: Music of the Spheres;05
Доктор Кто: Пародия для взрослых;Doctor Whore Porn Parody;08
Доктор Кто: Пространство и время;Doctor Who: Space and Time
Доктор Кто: Путешествие в бесконечность;Doctor Who: The Infinite Quest;08
Доктор Кто: Страна снов;Doctor Who: Dreamland
Доктор Кто;Doctor Who
Доктор Кто;Doctor Who;10
Доктор Стрэндж и мультивселенная безумия;Doctor Strange in the Multiverse of Madness
Доктор Стрэндж и Тайна Ордена магов(видео, 2007);Doctor Strange
Доктор Стрэндж и Тайна Ордена магов;Doctor Strange
Доктор Стрэндж(2016);Doctor Strange
Доктор Стрэндж;Doctor Strange;2016;Фильмы;10
Доктор Стрэндж;Dr. Strange
Доктор Хаус;House, M.D.
Документальный;10;Земля: Один потрясающий день;Earth: One Amazing Day;2017
Долина папоротников 2: Волшебное спасение;FernGully 2: The Magical Rescue
Долина папоротников: Последний тропический лес;FernGully: The Last Rainforest;10
Дом с паранормальными явлениями;A Haunted House
Дом странных детей Мисс Перегрин;Miss Peregrine's Home for Peculiar Children
Дом Хемингуэй;Dom Hemingway
Дом. История путешествия;Home
Домашнее видео;Sex Tape
Дора и Затерянный город;Dora and the Lost City of Gold
Дориан Грей;Dorian Gray
Драконы
Дракула 2000;Dracula 2000
Дракула 2: Вознесение;Dracula II: Ascension
Дракула 3: Наследие;Dracula III: Legacy
Дракула;Dracula Untold
Древние
Древние;The Originals
Дрожь земли;Tremors
Другой мир 2: Эволюция;Underworld: Evolution
Другой мир: Бесконечная война;Underworld: Endless War;05
Другой мир: Войны крови;Underworld: Blood Wars
Другой мир: Восстание ликанов;Underworld: Rise of the Lycans
Другой мир: Пробуждение;Underworld Awakening
Другой мир;Underworld
Дурдом на колесах;RV
Дух времени: Приложение;Zeitgeist: Addendum
Дух времени;Zeitgeist
Дэдпул 2(2018);Deadpool 2
Дэдпул 2;Deadpool 2;08
Дэдпул 3;Deadpool 3
Дэдпул(2016);Deadpool
Дэдпул;Deadpool;10
Дэдшот;Deadshot
Дюймовочка;Thumbelina;09
Дюна;Dune
Евангелион: Смерть и перерождение;Shinseiki Evangelion Gekijoban: Shi to Shinsei
Евангелион;Shin Seiki Evangerion
Ешь, молись, люби;Eat Pray Love
Железный кулак(сериал, 2017–2018);Iron Fist
Железный кулак;Iron Fist
Железный человек 2(2010);Iron Man 2
Железный человек 2;Iron Man 2;2010;Фильмы;09
Железный человек 3(2013);Iron Man Three
Железный человек 3;Iron Man Three;2013;Фильмы;09
Железный человек и Капитан Америка: Союз героев(видео, 2014);Iron Man and Captain America: Heroes __United
Железный человек и Капитан Америка: Союз героев;Iron Man and Captain America: Heroes United
Железный человек и Халк: Союз героев(видео, 2013);Iron Man & Hulk: Heroes United
Железный человек и Халк: Союз героев;Iron Man & Hulk: Heroes United
Железный человек(2008);Iron Man
Железный человек(сериал, 1994–1996);Iron Man
Железный человек(сериал, 2010–2011);Iron Man
Железный Человек: Восстание Техновора(видео, 2013);Iron Man: Rise of Technovore
Железный Человек: Восстание Техновора;Iron Man: Rise of Technovore
Железный человек: Приключения в броне(сериал, 2008–2012);Iron Man: Armored Adventures
Железный человек: Приключения в броне;Iron Man: Armored Adventures
Железный Человек: Темная сторона;Metal Man;01
Железный человек: Экстремис;Iron Man: Extremis
Железный человек;Iron Man
Железный человек;Iron Man;2008;Фильмы;10
Жена астронавта(1999)
Жена путешественника во времени;The Time Traveler's Wife
Женщина-кошка;Catwoman;09
Женщина-паук;Spider-Woman
Женщины Юрского периода (ТВ) 1996;Jurassic Women
Живое;Life
Жизнь и приключения Мишки Япончика;09
Загадки Юрского периода 2011;Jurassic Park Character's Awful Realization
Зайцев + 1
Зак и Мири снимают порно;Zack and Miri Make a Porno;10
Заклинательница акул;Dark Tide
Закон ночи;Live by Night
Замерзшая из Майами;New in Town;10
Запретная планета;Forbidden Planet
Запрещенный прием;Sucker Punch
Затащи меня в Ад;Drag Me to Hell;06
Затерянные в космосе
Зачарованная 2;Disenchanted
Зачарованная;Enchanted
Зачарованные
Зачарованные;Charmed
Защитники(мини-сериал, 2017);The Defenders
Защитники;07
Защитники;The Defenders
Звездные войны: Войны клонов;Star Wars: The Clone Wars
Звездный десант;Starship Troopers
Зверополис;Zootopia;10
Звёздные войны: Повстанцы;Star Wars: Rebels
Звёздные войны: Последние джедаи;Star Wars: Episode VIII - The Last Jedi
Звёздные войны: Пробуждение силы;Star Wars: Episode VII - The Force Awakens
Звёздные войны: Скайуокер. Восход;Star Wars: Episode IX - The Rise of Skywalker
Звёздные войны: Эпизод 1 – Скрытая угроза;Star Wars: Episode I - The Phantom Menace
Звёздные войны: Эпизод 2 – Атака клонов;Star Wars: Episode II - Attack of the Clones
Звёздные войны: Эпизод 3 – Месть Ситхов;Star Wars: Episode III - Revenge of the Sith
Звёздные войны: Эпизод 4 – Новая надежда;Star Wars;09
Звёздные войны: Эпизод 5 – Империя наносит ответный удар;Star Wars: Episode V - The Empire Strikes Back;09
Звёздные войны: Эпизод 6 – Возвращение Джедая;Star Wars: Episode VI - Return of the Jedi;10
Зеленая книга;Green Book;2018;Фильмы;09
Зеленый Фонарь;Green Lantern
Земля будущего;Tomorrowland
Земля до начала времен
Земля;Earth
Земля;Terra
Земляне;Earthlings
Земные девушки легко доступны;Earth Girls Are Easy;10
Зена - королева воинов
Зена – королева воинов;Xena: Warrior Princess;08
Зловещие мертвецы 2;Evil Dead II;09
Зловещие мертвецы 3: Армия тьмы;Army of Darkness;09
Знамение;Knowing
Золотой компас;The Golden Compass
Золушка;Cinderella;06
Зомби по имени Шон;Shaun of the Dead
Иван Царевич и Серый Волк
Иван Царевич и Серый Волк 2
Иван Царевич и Серый Волк 3
Игра престолов
Игра престолов;Game of Thrones;09
Игрушки;Toys
Игры юрского периода 2018;4.500(600) The Jurassic Games
Идеальный голос 2;Pitch Perfect 2
Идеальный голос 3;Pitch Perfect 3
Идеальный голос;Pitch Perfect;10
Идентификация Борна;The Bourne Identity
Из ада 2001
Из ада;From Hell
Из Парижа с любовью;From Paris with Love
Из пекла;Out of the Furnace
Избави нас от лукавого;Deliver Us from Evil
Извратная маска 2;HK: Hentai Kamen - Abnormal Crisis
Извратная маска;HK Hentai Kamen;10
Изгой-один: Звёздные войны. Истории;Rogue One
Иллюзионист;The Illusionist;10
Илья Муромец и Соловей Разбойник;09
Индиана Джонс: В поисках утраченного ковчега;Raiders of the Lost Ark
Интервью с вампиром;Interview with the Vampire: The Vampire Chronicles;10
Интерстеллар;Interstellar
Интуиция;Serendipity;10
Инуяся
Инуяся: Последняя глава;InuYasha: Kanketsu-hen
Инуяся;Inuyasha
Инферно;Inferno
Иные;Freaks
Искривление времени
Искусственный разум;Artificial Intelligence: AI
исполнитель желаний 4 части
История рыцаря;A Knight's Tale;2001;Фильмы;10
Исход: Цари и боги;Exodus: Gods and Kings
Исходный код 2;Source Code 2
Исходный код;Source Code;10
Исчезновение на 7-й улице;Vanishing on 7th Street
К-9 и Компания: Лучший друг девушки;K-9 and Company: A Girl's Best Friend
К-9;K9
Кавказская пленница!
Казанова;Casanova
Как приручить дракона 3;How to Train Your Dragon: The Hidden World
Как приручить дракона: Возвращение домой (ТВ);How to Train Your Dragon: Homecoming
Капитан Америка 2: Слишком скорая смерть;Captain America II: Death Too Soon
Капитан Америка(1990);Captain America
Капитан Америка;Captain America
Капитан Америка;Captain America;02
Капитан Америка;Captain America;05
Капитан Крюк;Hook;10
Капитан Марвел(2019);Captain Marvel
Капитан Марвел;Captain Marvel;2019;Фильмы;09
Каратель(2004);The Punisher
Каратель(сериал, 2017–2019);The Punisher
Каратель: Грязная стирка;The Punisher: Dirty Laundry
Каратель: Территория войны(2008);Punisher: War Zone
Каратель: Территория войны;Punisher: War Zone
Каратель;The Punisher
Каратэ-пацан 2;The Karate Kid 2
Каратэ-пацан;The Karate Kid
Карлин в Карнеги-холле;Carlin at Carnegie;09
Кейт и Лео;Kate & Leopold
Киберлюди;Cybermen
Киборг;Cyborg
Клерки 2;Clerks II
Клерки 3;Clerks III
Клерки: Потерянная сцена;Clerks: The Lost Scene
Клерки;Clerks.
Клетка для пташек;The Birdcage
Клик: С пультом по жизни;Click
КЛИККЛАК
Клиника: Интерны;Scrubs: Interns
Клиника;Scrubs
Клуб «Завтрак»;The Breakfast Club
Книга Илая;The Book of Eli
Князь провидения;The Prince of Providence
Князь тьмы с задней парты
Князь тьмы с задней парты;Ichiban ushiro no daimaou
Когда плачут цикады
Когда плачут цикады 2
Код Гиас: Восставший Лелуш R2;Kodo giasu: Hangyaku no rurushu R2
Код Гиас: Восставший Лелуш;K?do giasu: Hangyaku no rur?shu
Код Гиасс: Восстание Лелуша
Код Да Винчи;The Da Vinci Code
Команда «Мстители»(сериал, 2013–...) Avengers Assemble
Команда «Мстители»;Avengers Assemble
комедии 2007 года "Очень эпическое кино".
Комик-Кон, эпизод четвертый: Фанатская надежда(2011);Comic-Con Episode IV: A Fan's Hope
Конан;Conan
Кондор(видео, 2007);The Condor
Конец Евангелиона;Shinseiki Evangelion Gekijoban: Air/Magokoro wo, kimi ni
Константин 2;Constantine 2
Константин: Город демонов
Константин: Повелитель тьмы;Constantine;10
Константин;Constantine
Королева проклятых;Queen of the Damned;10
Короли Догтауна;Lords of Dogtown
Король говорит!;The King's Speech
Король Лев 2: Гордость Симбы;The Lion King II: Simba's Pride;09
Король Лев 3: Акуна Матата;The Lion King 1?;08
Король Лев;The Lion King;1994;Мультфильмы;10
Корона грешника;Giruti Kuraun
Короткометражка Marvel: Забавный случай на пути к молоту Тора;Marvel One-Shot: A Funny Thing Happened on the Way to Thor's Hammer;10
Короткометражка Marvel: Консультант;Marvel One-Shot: The Consultant;09
Корпорация монстров;Monsters, Inc.;10
Корпус Зеленых Фонарей;Green Lantern Corps
Космический спецназ Гарфилда;Garfield's Pet Force
Кот в сапогах;Puss in Boots;2011;Мультфильмы;09
Кошачий суп;Nekojiru-s?;06
Кошки;Cats
Кояанискатси;Koyaanisqatsi
Крадущийся тигр, затаившийся дракон;Wo hu cang long
Красавица и чудовище;Beauty and the Beast;08
Красная Шапочка;Red Riding Hood
Красота по-американски;American Beauty
Кредо убийцы;Assassin's Creed;2016;Фильмы;09
Криминальное чтиво;Pulp Fiction;10
Кровавая месть;In the Blood
Крошка Енот;10
Кто хочет быть супергероем?(ТВ, 2006–...) Who Wants to Be a Superhero?
Куда приводят мечты;What Dreams May Come
Кумир Тридевятого Королевства;Far Far Away Idol;2004;Короткометраж;06
Кунг Фьюри;Kung Fury;2015;Короткометраж;10
Кунг-фу Панда 2;Kung Fu Panda 2
Кунг-фу Панда 3;Kung Fu Panda 3
Кунг-Фу Панда: Загадки свитка;Kung Fu Panda: Secrets of the Scroll
Кунг-фу Панда: Праздничный выпуск;Kung Fu Panda Holiday;07
Кунг-Фу Панда: Секреты мастеров;Kung Fu Panda: Secrets of the Masters;05
Кунг-фу Панда: Секреты неистовой пятерки;Kung Fu Panda: Secrets of the Furious Five;07
Кунг-фу Панда: Удивительные легенды;Kung Fu Panda: Legends of Awesomeness
Кунг-фу Панда;Kung Fu Panda;2008;Мультфильмы;10
Кухня. Последняя битва
Кухня;Whites
Кэнди;Candy
Лабиринт Фавна;El laberinto del fauno
Лапы;Paws
Лара Крофт: Расхитительница гробниц 2 – Колыбель жизни;Lara Croft Tomb Raider: The Cradle of Life;07
Лара Крофт: Расхитительница гробниц;Lara Croft: Tomb Raider;09
Легенда о Белой Змее;Hakuja den;03
Легенда о МорДу;The Legend of Mor'du;10
Легенда об Искателе
Легенда об Искателе;Legend of the Seeker
Легион 5;Legion of 5
Легион(сериал, 2017–2019);Legion
Легок на помине
Леденящие душу приключения Сабрины
Леди и Бродяга;Lady and the Tramp
Ледниковый период 2: Глобальное потепление;Ice Age: The Meltdown;10
Ледниковый период 3: Эра динозавров;Ice Age: Dawn of the Dinosaurs;10
Ледниковый период 4: Континентальный дрейф;Ice Age: Continental Drift
Ледниковый период: Столкновение неизбежно;Ice Age: Collision Course
Ледниковый период;Ice Age;10
Леон;Leon
Лесная братва;Over the Hedge
Леший(2005);Man-Thing
Леший;Man-Thing
Лжец, лжец;Liar Liar
Лига выдающихся джентльменов;The League of Extraordinary Gentlemen;10
Лига справедливости: Гибель;Justice League: Doom
Лига справедливости: Часть 2;Justice League Part Two
Лига справедливости;Justice League
Лило и Стич;Lilo & Stitch;2002;Мультфильмы;10
Лицензия на брак;License to Wed
Лицо любви;The Face of Love
Лобо;Lobo
Ловец снов;Dreamcatcher
Лови волну 2;Surf's Up 2: WaveMania
Лови волну!;Surf's Up;10
Логан(2017);Logan
Логан;Logan
Локи;Loki
Любовь, смерть и роботы
Люди в черном 2;Men in Black II;09
Люди в черном 3;Men in Black 3;08
Люди в черном: Интернэшнл;Men in Black International
Люди в черном;Men in Black;10
Люди Икс(сериал, 1992–1997);X-Men
Люди Икс(сериал, 2011);X-Men
Люди Икс: Тёмный Феникс(2019);Dark Phoenix
Люди Икс: Тёмный Феникс;Dark Phoenix
Люди Икс: Эволюция(сериал, 2000–2003);X-Men: Evolution
Люди Икс: Эволюция;X-Men: Evolution;10
Люк Кейдж(сериал, 2016–2018);Luke Cage
Люк Кейдж;Luke Cage
Люси;Lucy
Люцифер
Люцифер;Lucifer
Мадагаскар 2;Madagascar: Escape 2 Africa;10
Мадагаскар 3;Madagascar 3: Europe's Most Wanted;09
Мадагаскар 4;Madagascar 4
Мадагаскар;Madagascar;10
Майор Пэйн;Major Payne;1995;Фильмы;10
Малефисента: Владычица тьмы;Maleficent: Mistress of Evil
Малефисента;Maleficent
Малыши Юрского периода (сериал) 2007;Little People of Jurassic Period
Мальчишник 2: Из Вегаса в Бангкок;The Hangover Part II
Мальчишник в Вегасе;The Hangover
Мальчишник: Часть III;The Hangover Part III
Мандалорец
Мандалорец;The Mandalorian
Манифесто;Manifesto
Мантикора
Марсианин;The Martian;10
Маска;The Mask;10
Матрица: Перезагрузка;The Matrix Reloaded;08
Матрица: Революция;The Matrix Revolutions;08
Матрица;The Matrix;10
Мачете убивает;Machete Kills
Мачете;Machete
Машина времени;The Time Machine
Машина, которая сделала нас;The Machine That Made Us
Мгла;The Mist
Мгла;The Mist;10
Меня там нет;I'm Not There
Меняющие реальность;The Adjustment Bureau
Мертвец;Dead Man
Месть пушистых;Furry Vengeance
Метрополис;Metropolis
Миллион способов потерять голову;A Million Ways to Die in the West
Милый во Франкcе
Миньоны;Minions;10
Мир Юрского периода 2 2018;6.178(117 669) Jurassic World: Fallen Kingdom
Мир Юрского периода 2015;6.853(180 806) Jurassic World
Мир Юрского периода 2;Jurassic World: Fallen Kingdom;2018;Фильмы;08
Мир Юрского периода 3;Jurassic World 3
Мир Юрского периода: Господство 2022;Jurassic World: Dominion
Мир Юрского периода: Лагерь Мелового периода (сериал) 2020 – ...;6.584(233) Jurassic World: Camp Cretaceous
Мир Юрского периода;Jurassic World;2015;Фильмы;10
Мирный воин;Peaceful Warrior
Миссис Даутфайр;Mrs. Doubtfire
Миссия «Серенити»;Serenity
Мистер Робот
Моана;Moana
Могучая Семёрка Стэна Ли(2014);Stan Lee's Mighty 7
Мозаика(видео, 2007);Mosaic
Мой любимый марсианин;My Favorite Martian
Молодость Геракла;Young Hercules
Монстры за работой;Monsters at Work
Морган;Morgan
Моя няня – вампир;My Babysitter's a Vampire
Моя прекрасная няня 2: Жизнь после свадьбы;08
Моя прекрасная няня;09
Мстители(2012);The Avengers
Мстители, общий сбор!;Avengers Assemble!
Мстители: Величайшие герои Земли(сериал, 2010–2012);The Avengers: Earth's Mightiest Heroes
Мстители: Величайшие герои Земли;The Avengers: Earth's Mightiest Heroes
Мстители: Война бесконечности(2018);Avengers: Infinity War
Мстители: Война бесконечности;Avengers: Infinity War;2018;Фильмы;09
Мстители: Всегда вместе(сериал, 1999–2000);Avengers
Мстители: Всегда вместе;Avengers
Мстители: Дисковые войны;Marvel Disk Wars: The Avengers
Мстители: Финал(2019);Avengers: Endgame
Мстители: Финал;Avengers: Endgame
Мстители: Эра Альтрона(2015);Avengers: Age of Ultron
Мстители: Эра Альтрона;Avengers: Age of Ultron;2015;Фильмы;08
Мстители;The Avengers;2012;Фильмы;10
Мститель;The Spirit
Муви 43;Movie 43
Мулан 2;Mulan II
Мулан;Hua Mulan
Мулан;Mulan
Мулан;Mulan;10
Мумия;The Mummy
Муравей Антц;Antz;09
Мусор;Trashed
Мы – монстры;Happy Family
Мыши-рокеры с Марса(сериал, 1993–1996);Biker Mice from Mars
Мышиная охота;Mousehunt;10
На пятьдесят оттенков темнее;Fifty Shades Darker
Навстречу вечности;Into Eternity: A Film for the Future
Навстречу шторму;Into the Storm
Назад в будущее 2;Back to the Future Part II;10
Назад в будущее 3;Back to the Future Part III;10
Назад в будущее;Back to the Future;10
Назад во времени;Back in Time;10
Найтвинг;Nightwing
Напролом;Lockout
Наруто 2: Великая битва;Gekij?-ban Naruto: Daigekitotsu! Maboroshi no chitei iseki dattebayo!
Наруто 3: Грандиозный переполох;Gekij?-ban Naruto: Daik?fun! Mikazukijima no animaru panikku dattebayo!
Наруто 4;Gekij?-ban Naruto shipp?den
Наруто 5;Gekij? ban Naruto: Shipp?den - Kizuna
Наруто 6;Gekij?-ban Naruto Shipp?den: Hi no ishi wo tsugu mono
Наруто 7: Потерянная башня;Gekijouban Naruto Shippuuden: Za rosuto taw?
Наруто 8: Кровавая тюрьма;Gekijouban Naruto: Buraddo purizun
Наруто 9: Путь ниндзя;Road to Ninja: Naruto the Movie
Наруто: Ниндзя в стране снега;Gekij?-ban Naruto: Daikatsugeki! Yukihime ninp?ch? dattebayo!!
Наруто: Последний фильм;The Last: Naruto the Movie
Наруто: Спортивный фестиваль Конохи;Gekij?-ban Naruto: Konoha no mori no daiund?kai
Наруто: Ураганные хроники;Naruto: Shipp?den
Наруто;Naruto
Настоящая кровь
Настоящая кровь;True Blood;09
Настоящий Гарфилд;Garfield Gets Real
Настоящий Человек-паук;Spider-Man
Начало;Inception
Наша Russia;09
Не шутите с Zоханом!;You Don't Mess with the Zohan;10
Невероятные приключения Билла и Теда;Bill & Ted's Excellent Adventure
Невероятный Халк(2008);The Incredible Hulk
Невероятный Халк(сериал, 1996–1998);The Incredible Hulk
Невероятный Халк: Возвращение;The Incredible Hulk Returns
Невероятный Халк: Испытание;The Trial of the Incredible Hulk
Невероятный Халк;The Incredible Hulk
Невероятный Халк;The Incredible Hulk;2008;Фильмы;10
Невидимка;Hollow Man
Неизведанное: Удача Дрейка;Uncharted
Непобедимый Железный человек;Iron Man;03
Непобедимый Спайдермен;Spider-Man Unlimited
Неполадки;The Krazees
Неприличное везение;Outrageous Fortune
Несносные боссы;Horrible Bosses
Несокрушимые мстители(видео, 2006);Ultimate Avengers II
Несокрушимые мстители;Ultimate Avengers II;09
Несокрушимый Железный человек(видео, 2007);The Invincible Iron Man
Несокрушимый Железный человек;The Invincible Iron Man;08
Нет игры – нет жизни
Неудержимые 2;The Expendables 2
Неудержимые 3;The Expendables 3
Неудержимые;The Expendables
Неудобная правда;An Inconvenient Truth
Неукротимый: Повелитель Чэньцин
Нечто;The Thing
Нечто;The Thing from Another World;02
Нечто;The Thing;09
Но... серьезно;But... Seriously
Новая машина Майка;Mike's New Car;08
Новейший завет;Le tout nouveau testament
Новые воины(сериал, 2019);New Warriors
Новые Мстители(видео, 2006);Ultimate Avengers
Новые Мстители: Герои завтрашнего дня(видео, 2008);Next Avengers: Heroes of Tomorrow
Новые Мстители: Герои завтрашнего дня;Next Avengers: Heroes of Tomorrow
Новые Мстители;Ultimate Avengers;09
Новые мутанты(2020);The New Mutants
Новые мутанты;The New Mutants
Новые приключения Билла и Теда;Bill & Ted's Bogus Journey
Новые приключения Золушки;Happily N'Ever After
Новый Человек-паук(2012);The Amazing Spider-Man
Новый Человек-паук(сериал, 2003);Spider-Man: The New Animated Series
Новый Человек-паук: Высокое напряжение(2014);The Amazing Spider-Man 2
Новый Человек-паук: Высокое напряжение;The Amazing Spider-Man 2;07
Новый Человек-паук;Spider-Man: The New Animated Series
Новый Человек-паук;The Amazing Spider-Man;08
Ночной слушатель;The Night Listener
Ночные стражи
Ночь в музее 2;Night at the Museum: Battle of the Smithsonian;10
Ночь в музее: Секрет гробницы;Night at the Museum: Secret of the Tomb
Ночь в музее;Night at the Museum;10
Ноэлль;Noelle
Няня;The Nanny;10
О лесах и людях;Des Forets et des Hommes
О, какая милая чайная вечеринка!;Oh, What a Lovely Tea Party
Обезглавить Гидру(1998);Nick Fury: Agent of Shield
Обезглавить Гидру;Nick Fury: Agent of Shield
Обитаемый остров
Обитель зла 2: Апокалипсис;Resident Evil: Apocalypse;09
Обитель зла 3;Resident Evil: Extinction;09
Обитель зла 4: Жизнь после смерти 3D;Resident Evil: Afterlife
Обитель зла: Возмездие;Resident Evil: Retribution
Обитель зла: Последняя глава;Resident Evil: The Final Chapter
Обитель зла;Resident Evil;2002;Фильмы;10
Области тьмы;Limitless
Обливион;Oblivion
Оборотень;Ginger Snaps
Одаренные(сериал, 2017–2019);The Gifted
Одержимость вуду;Voodoo Possession
Одиннадцатый час;The 11th Hour
Одиннадцать друзей Оушена;Ocean's Eleven;10
Одинокий рейнджер;The Lone Ranger
Одна миллиардная доля;Parts Per Billion
Однажды в сказке;Once Upon a Time
Одноклассники 2;Grown Ups 2
Одноклассники;Grown Ups
Оз: Великий и Ужасный;Oz the Great and Powerful;10
Оз: Возвращение в Изумрудный Город;Legends of Oz: Dorothy's Return
Ознакомительный день;Orientation Day;10
Океаны;Oc?ans
Окончательный монтаж – дамы и господа!;Final Cut: H?lgyeim ?s uraim
Окончательный монтаж;The Final Cut
Окча;Okja
Олаф и холодное приключение;Olaf's Frozen Adventure
Оператор реальности
Оправданное зло;Necessary Evil
Особь 2;Species II
Особь 3;Species III
Особь: Пробуждение;Species: The Awakening
Особь;Species
Оставленные;Left Behind
Осторожно, модерн!
Осторожно, модерн! 2
Осторожно, модерн! 2004
Остров лемуров: Мадагаскар;Island of Lemurs: Madagascar
Остров цветов;Ilha das Flores
От заката до рассвета 2: Кровавые деньги из Техаса;From Dusk Till Dawn 2: Texas Blood Money
От заката до рассвета 3: Дочь палача;From Dusk Till Dawn 3: The Hangman's Daughter
От заката до рассвета;From Dusk Till Dawn
Отбросы;Misfits
Отражение(мини-сериал, 2017);The Reflection
Отряд самоубийц 2;The Suicide Squad
Отряд самоубийц;Suicide Squad
Отряд супергероев(сериал, 2009–2011);The Super Hero Squad Show
Отряд супергероев;The Super Hero Squad Show
Отступники;The Departed
Охота на слонов;Hunting Elephants
Охотники за привидениями 2;Ghostbusters II
Охотники за привидениями;Ghostbusters
Охотники на ведьм;Hansel & Gretel: Witch Hunters
Очень голодные игры;The Starving Games
Очень паранормальное кино;Paranormal Whacktivity
Очень странные дела
Очень страшное кино 2;Scary Movie 2
Очень страшное кино 3;Scary Movie 3
Очень страшное кино 4;Scary Movie 4
Очень страшное кино 5;Scary Movie 5
Очень страшное кино;Scary Movie
Пальцы веером;Two Hands
Паразит: Учение о жизни;Kiseiju: Sei no kakuritsu
Параллельные миры
Параллельные миры;Sliders;10
Парень из пузыря;Bubble Boy
Парк Юрского периода 1993;7.764(131 665) Jurassic Park
Парк Юрского периода 2: Затерянный мир 1997;7.031(58 974) The Lost World: Jurassic Park
Парк Юрского периода 2: Затерянный мир;The Lost World: Jurassic Park;1997;Фильмы;10
Парк Юрского периода 3 2001;6.647(41 350) Jurassic Park III
Парк Юрского периода 3;Jurassic Park III;2001;Фильмы;08
Парк Юрского периода;Jurassic Park;1993;Фильмы;10
Пароль «Рыба-меч»;Swordfish
Парфюмер: История одного убийцы;Perfume: The Story of a Murderer
Патриот;The Patriot
Патруль времени;Timecop
Пацаны
Пацаны;The Boys
Певец джаза;The Jazz Singer;05
Первому игроку приготовиться;Ready Player One;10
Первый мститель(2011);Captain America: The First Avenger
Первый мститель: Другая война(2014);Captain America: The Winter Soldier
Первый мститель: Другая война;Captain America: The Winter Soldier;2014;Фильмы;09
Первый мститель: Противостояние(2016);Captain America: Civil War
Первый мститель: Противостояние;Captain America: Civil War;2016;Фильмы;07
Первый мститель;Captain America: The First Avenger;2011;Фильмы;09
Перерождение;The Passage
Перси Джексон и Море чудовищ;Percy Jackson: Sea of Monsters
Перси Джексон и похититель молний;Percy Jackson & the Olympians: The Lightning Thief;09
Персонаж;Stranger Than Fiction;09
Песочный человек(2017);The Sandman
Печать зла;Touch of Evil
Пингвиненок Пороро: Большие гонки;Pororo, the Racing Adventure
Пингвины Мадагаскара;Penguins of Madagascar
Пипец 2;Kick-Ass 2
Пипец;Kick-Ass
Пир;Feast
Пираты Карибского моря 6;Untitled Pirates of the Caribbean Project
Пираты Карибского моря: Мертвецы не рассказывают сказки;Pirates of the Caribbean: Dead Men Tell No Tales
Пираты Карибского моря: На краю Света;Pirates of the Caribbean: At World's End;10
Пираты Карибского моря: На странных берегах;Pirates of the Caribbean: On Stranger Tides;10
Пираты Карибского моря: Проклятие Черной жемчужины;Pirates of the Caribbean: The Curse of the Black Pearl;10
Пираты Карибского моря: Сундук мертвеца;Pirates of the Caribbean: Dead Man's Chest;10
Питер Пэн: Возвращение в Нетландию;Return to Never Land;10
Питер Пэн;Peter Pan
Питер Пэн;Peter Pan;07
Питомец Юрского периода 2019;4.660(3 024) The Adventures of Jurassic Pet
Планета Земля 2
Планета обезьян: Война;War for the Planet of the Apes
Планета обезьян: Революция;Dawn of the Planet of the Apes
Планета обезьян;Planet of the Apes
Планета обезьян;Planet of the Apes;10
Планета страха;Planet Terror
Планета Халка(видео, 2010);Planet Hulk
Планета Халка;Planet Hulk;09
Планета-океан;Planet Ocean
Плащ и Кинжал(сериал, 2018–2019);Cloak & Dagger
Плащ и Кинжал;Cloak & Dagger
Побег
Побег;Prison Break
Побудь в моей шкуре;Under the Skin
Повар на колесах;Chef
Повелитель приливов;The Prince of Tides
Под планетой обезьян;Beneath the Planet of the Apes;09
Подарок с характером
Подземелье драконов;Dungeons & Dragons
Пожиратель богов
Пожиратель грехов;The Order
Покахонтас 2: Путешествие в Новый Свет;Pocahontas II: Journey to a New World;08
Покахонтас;Pocahontas;10
Покемон 12: Аркеус и Камень жизни;Gekij?ban poketto monsut?: Daiyamondo & p?ru purachina - Aruseusu ch?koku no jik? e
Покемон 13: Повелитель иллюзий Зороарк;Gekijouban Poketto monsut?: Daiamondo & P?ru - Gen'ei no hasha Zoro?ku
Покемон 14: Виктини и Белый герой – Реширам;Gekijouban Pokketo monsuta Besuto wisshu: Pikutini to kuroku eiyuu Zekuromu
Покемон 14: Виктини и Черный герой – Зекром;Gekijouban Pokketo monsuta Besuto wisshu: Bikutini to shiroku eiyuu Reshiramu
Покемон 19: Вулканион и Механическое чудо;Pokemon za mubi XY& Z 'borukenion to kiko (karakuri) no magiana
Покемон 2000;Gekij?-ban poketto monsut?: Maboroshi no pokemon: Rugia bakutan;08
Покемон 20;Gekijo-ban Poketto Monsuta Kimi ni kimeta
Покемон 3;Gekij?-ban poketto monsut?: Kessh?-t? no tei?
Покемон 4;Poketto monsut?: Sereb? - Toki wo koeta deai
Покемон 5: Герои;Gekij?-ban poketto monsutaa: Mizu no Miyako no Mamori Gami Ratiasu to Ratiosu
Покемон: Восход Даркрая;Pokemon Movie 10: Dialga vs. Palkia vs. Darkrai
Покемон: Гиратина и Небесный воин;Gekij? ban poketto monsut?: Daiyamondo & P?ru - Giratina to sora no hanataba Sheimi
Покемон: Джирачи – исполнитель желаний;Gekijouban Poketto monsut? Adobansu jener?shon: Nanayo no negaiboshi Jir?chi
Покемон: Дианси и Кокон разрушения;Pokemon Za M?b? XY: Hakai no Mayu to Diansh?
Покемон: Лучарио и тайна Мью;Gekijouban Poketto monsut? Adobansu jener?shon: Myuu to hadou no yuusha Rukario
Покемон: Мьюту возвращается;Pocket Monster: Myuutsu! Ware wa Koko ni Ari
Покемон: Мьюту против Мью;Gekijoban poketto monsuta - Myutsu no gyakushu;06
Покемон: Судьба Деоксиса;Gekijouban Poketto monsut? Adobansu jener?shon: Rekkuu no houmonsha Deokishisu
Покемон: Хупа и Битва Веков;Pokemon za m?b? XY: Ringu no choumajin F?pa
Покемон;Pok?mon;08
Покемон;Poketto monsut?;08
Покемоны: Кюрем против Мечника Справедливости;Gekijoban Pocket Monster Best Wishes! Kyurem vs Seikenshi Keldeo
Поколение Икс(1996);Generation X
Поколение Икс;Generation X
Пол: Секретный материальчик;Paul
Полностью посмотрела 9
Порабощённые и управляемые;Owned & Operated
Портал юрского периода (сериал) 2007 – 2011;7.660(2 375) Primeval
Портал юрского периода ----- Primeval
Портал юрского периода: Вебизоды (мини-сериал) 2010;7.479(100) Primeval: Webisodes
Портал юрского периода: Новый мир (сериал) 2012 – 2013;6.751(763) Primeval: New World
Посвященный;The Giver
Последний богатырь
Последний хищник Юрского периода (видео) 2004;4.128(1 022) Dinocroc
Послезавтра;The Day After Tomorrow
Похмельные игры;The Hungover Games
Похождения императора 2: Приключения Кронка;Kronk's New Groove
Похождения императора;The Emperor's New Groove;10
Правила съема: Метод Хитча;Hitch;10
Прайд из Людей Икс(1989) Pryde of the X-Men
Прайд из Людей Икс;Pryde of the X-Men;08
Превосходство Борна;The Bourne Supremacy
Превосходство;Transcendence
Преображение дома;Home Makeover;05
Престиж;The Prestige;10
Прибытие;Arrival;09
Призрак в доспехах 2: Невинность;Innocence;05
Призрак в доспехах;Kokaku kidotai;09
Призрачный гонщик 2(2012);Ghost Rider: Spirit of Vengeance
Призрачный гонщик 2;Ghost Rider: Spirit of Vengeance
Призрачный гонщик(2007);Ghost Rider
Призрачный гонщик;Ghost Rider
Приключения бельчонка Рокки и лосенка Буллвинкля;The Bullwinkle Show
Приключения Джеки Чана
Приключения Сары Джейн;The Sarah Jane Adventures
Приключения Супергероев: Ледовая битва(видео, 2015);Marvel Super Hero Adventures: Frost Fight!
Приключения Супергероев: Ледовая битва;Marvel Super Hero Adventures: Frost Fight!
Приключения Флика;A Bug's Life;10
Принц Персии: Пески времени;Prince of Persia: The Sands of Time;10
Принцесса Мононоке;Mononoke-hime
Принцесса Сисси
Притворись моей женой;Just Go with It
Притяжение;09
Проклятая тюрьма;Death Row
Прометей;Prometheus
Проповедник
Проповедник;Preacher;10
Психоаналитик;Shrink
Пудра;Powder
Пункт назначения 2;Final Destination 2
Пункт назначения 3;Final Destination 3
Пункт назначения 4;The Final Destination
Пункт назначения 5;Final Destination 5
Пункт назначения;Final Destination
Путеводитель Диппера по необъяснимому;Gravity Falls Shorts
Путешествие на край Вселенной;Journey to the Edge of the Universe
Путешествия Гулливера;Gulliver's Travels
Пэн: Путешествие в Нетландию;Pan
Пятый элемент;The Fifth Element;10
Пятьдесят оттенков свободы;Fifty Shades Freed
Пятьдесят оттенков серого;Fifty Shades of Grey
Рабочая дрянь;Working Tra$h
Рагнарёк
Разбирая Гарри;Deconstructing Harry
Развод по-американски;The Break-Up
Разочарование
Разрядка смехом IV;Comic Relief IV
Район №9;District 9
Ракета и Грут(мини-сериал, 2017);Rocket & Groot
Рапунцель
Рапунцель: Дорога к мечте;Tangled: Before Ever After;2017;Мультфильмы;10
Рапунцель: Запутанная история;Tangled;2010;Мультфильмы;10
Рапунцель: Новая история;Tangled: The Series;10
Рапунцель: Счастлива навсегда;Tangled Ever After;2012;Короткометраж;08
Рататуй;Ratatouille;08
Ратлз 2;The Rutles 2: Can't Buy Me Lunch
Рев;Roar
Револьвер;Revolver
Реквием по мечте;Requiem for a Dream;10
Риддик: Удар в спину;Riddick: Blindsided
Риддик;Riddick
Рик и Морти
Рик и Морти;Rick and Morty;10
Робин Уильямс: Вживую на Бродвее;Robin Williams: Live on Broadway
Робин Уильямс: Оружие самоуничтожения;Robin Williams: Weapons of Self Destruction
Роботы;Robots
Рога;Horns
Рождество Гарфилда;A Garfield Christmas Special
Рождество на двоих;Last Christmas
Розарио + Вампир
Ронал-варвар;Ronal Barbaren;10
Росомаха и Люди Икс. Начало(сериал, 2008–2009);Wolverine and the X-Men
Росомаха и Люди Икс. Начало;Wolverine and the X-Men
Росомаха против Халка(мини-сериал, 2013);Ultimate Wolverine vs. Hulk
Росомаха(сериал, 2011);Wolverine
Росомаха. Оружие Икс: Завтра умрёт сегодня(мини-сериал, 2014);Marvel Knights: Wolverine Weapon X: __Tomorrow Dies Today
Росомаха: Начало(видео, 2013);Wolverine: Origin
Русалочка: Начало истории Ариэль;The Little Mermaid: Ariel's Beginning
Русалочка;The Little Mermaid;10
Рыжая Соня;Red Sonja
Рыцари Marvel: Вечные(сериал, 2014);Eternals
Рыцари Marvel: Нелюди(видео, 2013);Inhumans
РЭД 2;RED 2
РЭД 3;Red 3
РЭД;RED
Сабрина - маленькая ведьма
Сабрина юная ведьмочка;Sabrina the Teenage Witch;1996;Фильмы;08
Самсара;Samsara
Самый лучший папа;World's Greatest Dad
Самый лучший фильм
Сверхлюди(мини-сериал, 2017);Inhumans
Сверхлюди;Inhumans
Сверхскоростной Генесект: Пробуждение Мьюту;Gekijouban Pokketto monsut? Besuto uisshu: Shinsoku no Genosekuto My?ts? kakusei
Сверхъестественное
Сверхъестественное;Supernatural;10
Свет в океане;The Light Between Oceans
Сделай шаг: Лови момент;Make Your Move
Сделано в Америке;American Made
Секретные материалы Мстителей: Черная Вдова и Каратель(видео, 2014);Avengers Confidential: Black __Widow & Punisher
Секретные материалы Мстителей: Черная Вдова и Каратель;Avengers Confidential: Black Widow & Punisher
Секреты «Парка юрского периода» (видео) 1995;7.827(235) The Making of 'Jurassic Park'
Секреты на кухне;Kitchen Confidential
Секс Юрского периода (видео) 1995;Homo Erectus
Семь жизней;Seven Pounds
СеняФедя 4 сезон
Сердце вдребезги;Playing It Cool
Сердце дракона: Начало;Dragonheart: A New Beginning;05
Сердце дракона;DragonHeart;10
Серебряный Серфер;Silver Surfer
Серебряный Сёрфер(сериал, 1998);Silver Surfer
Сериалы;10;Пожиратель Богов;God Eater;2015
Сериалы;10;Розарио + Вампир;Rozario to banpaia;2008
Сериалы;10;Четыре тысячи четыреста;The 4400;2004
Сила Икс;X-Force
Синий экзорцист;Ao no ekusoshisuto
Сирены Готэм-сити;Gotham City Sirens
Сиротский Бруклин;Motherless Brooklyn
Сказки на ночь;Bedtime Stories;10
Скайлайн 2;Beyond Skyline
Скайлайн;Skyline
Скорость света(2006);Lightspeed
Скотт Пилигрим против всех;Scott Pilgrim vs. the World
Скуби-Ду! Ночи Шахерезады;Scooby-Doo in Arabian Nights
Сладкий ноябрь;Sweet November
Слово N;The N Word
Смертельный парад / Парад смерти
Смерть невероятного Халка;The Death of the Incredible Hulk
Смешанные;Blended
Смешарики
Смешение Marvel(мини-сериал, 2012);Marvel Mash-Up
Смотрит 14
Снежная королева
Снежная королева 2: Перезаморозка
Снежная королева 3. Огонь и лед
Созданный в Бездне
Сокол и Зимний Солдат;The Falcon and the Winter Soldier
Соколиный Глаз;Hawkeye
Солнечные противоположности
Сорвиголова(2003);Daredevil
Сорвиголова(сериал, 2015–2018);Daredevil
Сорвиголова;Daredevil
Сорвиголова;Daredevil;10
Социальная сеть;The Social Network
Стальной алхимик
Стальной алхимик: Братство
Стальной алхимик: Братство;Fullmetal Alchemist: Brotherhood
Стальной алхимик: Завоеватель Шамбалы;Gekij?-ban hagane no renkinjutsushi: Shanbara wo yuku mono;10
Стальной алхимик: Золотая коллекция;Hagane no renkinjutsushi
Стальной алхимик: Священная звезда Милоса;Hagane no renkinjutsushi: Mirosu no seinaru hoshi
Стальной алхимик;Fullmetal Alchemist;10
Стена;The Wall
Стиляги;07
Стимбой;Suchimuboi
Стражи Галактики(2014);Guardians of the Galaxy
Стражи Галактики(сериал, 2015–...) Guardians of the Galaxy
Стражи Галактики. Часть 2(2017);Guardians of the Galaxy Vol. 2
Стражи Галактики. Часть 2;Guardians of the Galaxy Vol. 2;2017;Фильмы;10
Стражи Галактики. Часть 3;Guardians of the Galaxy Vol. 3
Стражи Галактики;Guardians of the Galaxy;2014;Фильмы;10
Стрипперелла(сериал, 2003–2004);Stripperella
Стрипперелла;Stripperella
Судная ночь 2;The Purge: Anarchy
Судная ночь;The Purge
Суини Тодд, демон-парикмахер с Флит-стрит;Sweeney Todd: The Demon Barber of Fleet Street;10
Сумерки. Сага. Затмение;The Twilight Saga: Eclipse;01
Сумерки. Сага. Новолуние;The Twilight Saga: New Moon;05
Сумерки. Сага. Рассвет: Часть 1;The Twilight Saga: Breaking Dawn - Part 1;05
Сумерки. Сага. Рассвет: Часть 2;The Twilight Saga: Breaking Dawn - Part 2;05
Сумерки;Twilight;05
Супер 8;Super 8
Супергерои Marvel;The Marvel Super Heroes
Супергеройское кино;Superhero Movie
Супергёрл;Supergirl
Супермен 2;Superman II
Супермен;Superman
Суровый шутник;Bitter Jester
Суррогаты;Surrogates
Сфера;The Circle
Счастливчик(сериал, 2016–2018);Stan Lee's Lucky Man
Сын Зорна;Son of Zorn
Тайна 7 сестер;Seven Sisters
Тайна Сухаревой башни
Тайная жизнь домашних животных 2;The Secret Life of Pets 2
Тайная жизнь домашних животных;The Secret Life of Pets
Тайное окно;Secret Window
Тайны прошлого;House of D
Так себе каникулы;Old Dogs
Тарзан 2;Tarzan II
Телохранитель киллера;The Hitman's Bodyguard
Темная Вселенная;Justice League Dark
Темные начала;His Dark Materials
Темный рыцарь: Возрождение легенды. Часть 1;Batman: The Dark Knight Returns, Part 1
Темный рыцарь: Возрождение легенды. Часть 2;Batman: The Dark Knight Returns, Part 2
Темный рыцарь: Возрождение легенды;The Dark Knight Rises
Темный рыцарь;The Dark Knight
Тень;The Shadow
Тепло наших тел;Warm Bodies
Терминатор: Да придёт спаситель;Terminator Salvation
Тетрадь смерти
Тетрадь смерти 2;Death Note: The Last Name
Тетрадь смерти 3;L: Change the World
Тетрадь смерти перезапись: Глазами Бога;Death Note Rewrite: The Visualizing God
Тетрадь смерти;Death Note
Тетрадь смерти;Desu noto
Типа копы;Let's Be Cops
Типа крутые легавые;Hot Fuzz
Титан;The Titan
Тихоокеанский рубеж 2;Pacific Rim: Uprising
Тихоокеанский рубеж;Pacific Rim
Токийский гуль: Джек;Tokyo Ghoul: Jack
Токийский гуль: Пинто;Tokyo Ghoul: Pinto
Толстяк на ринге;Here Comes the Boom
Томми - оборотень
Томми-оборотень;Big Wolf on Campus;10
Тор 2: Царство тьмы(2013);Thor: The Dark World
Тор 2: Царство тьмы;Thor: The Dark World;2013;Фильмы;09
Тор(2011);Thor
Тор: Король Асгарда;Mighty Thor;03
Тор: Любовь и гром;Thor: Love and Thunder
Тор: Молот богов;Hammer of the Gods;05
Тор: Рагнарёк(2017);Thor: Ragnarok
Тор: Рагнарёк;Thor: Ragnarok;2017;Фильмы;10
Тор: Сказания Асгарда(видео, 2011);Thor: Tales of Asgard
Тор: Сказания Асгарда;Thor: Tales of Asgard
Тор;Thor;2011;Фильмы;10
Торчвуд;Torchwood
Трансформеры 3: Тёмная сторона Луны;Transformers: Dark of the Moon
Трансформеры: Месть падших;Transformers: Revenge of the Fallen
Трансформеры: Последний рыцарь;Transformers: The Last Knight
Трансформеры: Эпоха истребления;Transformers: Age of Extinction
Трансформеры;Transformers;09
Третий лишний 2;Ted 2
Третий лишний;Ted
Три богатыря и Шамаханская царица
Три богатыря на дальних берегах
Три икса;xXx
Тринадцать друзей Оушена;Ocean's Thirteen
Тусовщики из супермаркета;Mallrats
Убить Смучи;Death to Smoochy
Удивительные Люди Икс: Одаренные(мини-сериал, 2009–...) Astonishing X-Men
Удивительные Люди Икс: Опасные(видео, 2012);Astonishing X-Men: Dangerous
Удивительные странствия Геракла
Удивительные странствия Геракла;Hercules: The Legendary Journeys;08
Удивительный Человек-паук;The Amazing Spider-Man
Ультиматум Борна;The Bourne Ultimatum
Ультрафиолет;Ultraviolet
Умница Уилл Хантинг;Good Will Hunting;10
Универ
Университет монстров;Monsters University
Ускоренный мир;Accel World
Ускоренный мир;Accel World;08
Утраченный символ;The Lost Symbol
Ученик чародея;The Sorcerer's Apprentice
Фак;Fuck
Факультет;The Faculty;07
Фанатские войны(сериал, 2012);Fan Wars
Фантастическая четверка(2005);Fantastic Four
Фантастическая четверка(2015);Fantastic Four
Фантастическая четверка(сериал, 1994–1996);Fantastic Four
Фантастическая четверка: Вторжение Серебряного серфера(2007);4: Rise of the Silver Surfer
Фантастическая четверка: Вторжение Серебряного серфера;4: Rise of the Silver Surfer;08
Фантастическая четверка;Fantastic Four
Фантастическая четверка;Fantastic Four;09
Фантастическая четверка;The Fantastic Four
Фантастическая четвёрка(сериал, 2006–2010);Fantastic Four: World's Greatest Heroes
Фантастическая четвёрка;Fantastic 4
Фантастическая четвёрка;Fantastic Four: World's Greatest Heroes
Фантастические твари и где они обитают 3;Fantastic Beasts and Where to Find Them 3
Фантастические твари и где они обитают 4;Fantastic Beasts and Where to Find Them 4
Фантастические твари и где они обитают 5;Fantastic Beasts and Where to Find Them 5
Фантастические твари и где они обитают;Fantastic Beasts and Where to Find Them
Фантастические твари: Преступления Грин-де-Вальда;Fantastic Beasts: The Crimes of Grindelwald
Фестиваль Гарфилда;Garfield's Fun Fest
Фига.Rо
Финес и Ферб(сериал, 2007–2015);Phineas and Ferb
Флаббер;Flubber
Флэш;The Flash
Фонтан;The Fountain
Фото за час;One Hour Photo
Франкенвини;Frankenweenie
Фрэд и Барни встречают Существо;Fred and Barney Meet the Thing
Фурия;Furya
Футурама
Футурама: Большой куш Бендера!;Futurama: Bender's Big Score;09
Футурама: В дикую зеленую даль;Futurama: Into the Wild Green Yonder;09
Футурама: Зверь с миллиардом спин;Futurama: The Beast with a Billion Backs;10
Футурама: Игра Бендера;Futurama: Bender's Game;10
Футурама: Потерянное приключение;Futurama: The Lost Adventure
Футурама;Futurama;10
Халк и агенты СМЭШ(сериал, 2013–2015);Hulk and the Agents of S.M.A.S.H.
Халк и агенты СМЭШ;Hulk and the Agents of S.M.A.S.H.
Халк против...(видео, 2009);Hulk Vs.
Халк против...;Hulk Vs.
Халк(2003);Hulk
Халк;Hulk;02
Халк;Hulk;10
Хан Соло: Звёздные войны. Истории;Solo: A Star Wars Story
Харли Квинн против Джокера;Untitled Joker/Harley Quinn Project
ХБ
Хеллбой II: Золотая армия;Hellboy II: The Golden Army;08
Хеллбой: Герой из пекла;Hellboy;2004;Фильмы;10
Хеллбой;Hellboy
Хищник 2;Predator 2
Хищник Юрского периода 2007;2.030(375) Supercroc
Хищник Юрского Периода 2018;Jurassic Predator
Хищник;Predator
Хищник;The Predator
Хищники;Predators
Хищные птицы: Потрясающая история Харли Квинн;Birds of Prey: And the Fantabulous Emancipation of One Harley Quinn
Хоббит: Битва пяти воинств;The Hobbit: The Battle of the Five Armies
Хоббит: Нежданное путешествие;The Hobbit: An Unexpected Journey
Хоббит: Пустошь Смауга;The Hobbit: The Desolation of Smaug
Хозяин морей: На краю Земли;Master and Commander: The Far Side of the World;2003;Фильмы;08
Холодное сердце 2;Frozen II
Холодное сердце;Frozen;10
Холодное торжество;Frozen Fever
Храбрая сердцем;Brave
Хранители снов;Rise of the Guardians;10
Хранители;Watchmen
Хроники мстителя;Vigilante Diaries
Хроники Нарнии: Лев, колдунья и волшебный шкаф;The Chronicles of Narnia: The Lion, the Witch and the Wardrobe;08
Хроники Нарнии: Племянник чародея;The Chronicles of Narnia: The Magician's Nephew
Хроники Нарнии: Покоритель Зари;The Chronicles of Narnia: The Voyage of the Dawn Treader
Хроники Нарнии: Принц Каспиан;The Chronicles of Narnia: Prince Caspian
Хроники Нарнии: Серебряное кресло;The Chronicles of Narnia: The Silver Chair
Хроники Риддика: Темная ярость;The Chronicles of Riddick: Dark Fury
Хроники Риддика;The Chronicles of Riddick
Хронос;Chronos
Целитель Адамс;Patch Adams
Цельнометаллическая оболочка;Full Metal Jacket
Чак и Ларри: Пожарная свадьба;I Now Pronounce You Chuck & Larry;10
Чародей равновесия. Тайна Сухаревой башни
Час расплаты;Paycheck
Человек года;Man of the Year
Человек из стали 2;Untitled Superman Project
Человек из стали;Man of Steel
Человек-волк;The Wolfman
Человек-муравей и Оса(2018);Ant-Man and the Wasp
Человек-муравей и Оса;Ant-Man and the Wasp;2018;Фильмы;10
Человек-муравей(2015);Ant-Man
Человек-муравей(мини-сериал, 2017);Ant-Man
Человек-муравей;Ant-Man
Человек-муравей;Ant-Man;2015;Фильмы;10
Человек-паук 2(2004);Spider-Man 2
Человек-паук 2;Spider-Man 2;09
Человек-паук 3: Враг в отражении(2007);Spider-Man 3
Человек-паук 3: Враг в отражении;Spider-Man 3;08
Человек-паук 5000;Spider-Man
Человек-паук и его удивительные друзья;Spider-Man and His Amazing Friends
Человек-паук(2002);Spider-Man
Человек-паук(сериал, 1994–1998);Spider-Man
Человек-паук(сериал, 2017);Spider-Man
Человек-паук: Вдали от дома(2019);Spider-Man: Far from Home
Человек-паук: Вдали от дома;Spider-Man: Far from Home
Человек-паук: Возвращение домой(2017);Spider-Man: Homecoming
Человек-паук: Возвращение домой;Spider-Man: Homecoming;2017;Фильмы;10
Человек-паук: Вызов Дракону;Spider-Man: The Dragon's Challenge
Человек-паук: Злодеи атакуют(видео, 2002);Spider-Man: The Ultimate Villain Showdown
Человек-паук: Снова в бою;Spider-Man Strikes Back
Человек-паук: Через вселенные(2018);Spider-Man: Into the Spider-Verse
Человек-паук;Spider-Man
Человек-паук;Spider-Man;09
Человек;Human
Чем дальше в лес...;Into the Woods
Черепашки-ниндзя 2;Teenage Mutant Ninja Turtles: Out of the Shadows
Черепашки-ниндзя;Teenage Mutant Ninja Turtles;09
Черепашки-ниндзя;TMNT
Черная Библия: Происхождение;Baiburu burakku: gaiden
Черная скала;Blackrock
Чернильное сердце;Inkheart
Четвёртый вид;The Fourth Kind
Четыре пера;The Four Feathers
Четыре тысячи четыреста
Чобиты
Что, если...?;What If...?
Чудо-женщина: 1984;Wonder Woman 1984
Чудо-женщина;Wonder Woman
Чужие против Хищника: Реквием;AVPR: Aliens vs Predator - Requiem
Чужие: Эпилог;Aliens: Epilogue
Чужие;Aliens;09
Чужой 3;Alien?;08
Чужой 4: Воскрешение;Alien: Resurrection;10
Чужой против Хищника;AVP: Alien vs. Predator
Чужой: Завет – Пролог: «Тайная Вечеря»;Alien: Covenant - Prologue: Last Supper
Чужой: Завет – Пролог: Связующее звено;Alien: Covenant - Prologue: The Crossing
Чужой: Завет – Фобос;Alien: Covenant - Phobos
Чужой: Завет;Alien: Covenant
Чужой;Alien;10
Чёрная Библия: Новый Завет;Shin Bible Black
Чёрная Библия;Baiburu burakku
Чёрная Вдова;Black Widow
Чёрная дыра;Pitch Black;10
Чёрная Пантера 2;Black Panther II
Чёрная Пантера(2018);Black Panther
Чёрная Пантера(мини-сериал, 2010);Black Panther
Чёрная Пантера;Black Panther;2018;Фильмы;08
Чёрный Адам;Black Adam
Шазам!;Shazam!
Шан-Чи и легенда десяти колец;Shang-Chi and the Legend of the Ten Rings
Шерлок Гномс;Sherlock Gnomes
Шерлок Холмс: Игра теней;Sherlock Holmes: A Game of Shadows
Шерлок;Sherlock
Шестерни войны;Gears of War
Школа Юрского периода 2017;Jurassic School
Шопо-коп;Paul Blart: Mall Cop
Эван Всемогущий;Evan Almighty
Эволюция Борна;The Bourne Legacy
Эволюция;Evolution
Эдвард руки-ножницы;Edward Scissorhands
Эйс Вентура 2: Когда зовет природа;Ace Ventura: When Nature Calls;10
Эйс Вентура: Розыск домашних животных;Ace Ventura: Pet Detective;09
Электра(2005);Elektra
Электра;Elektra
Эльфийская песнь
Эльфийская песнь;Erufen r?to;10
Эон Флакс;Aon Flux
Эпик;Epic;10
Эрагон;Eragon;08
Этим утром в Нью-Йорке;The Angriest Man in Brooklyn
Это не Аватар;This Ain't Avatar XXX
Это, блин, рождественское чудо;A Merry Friggin' Christmas
Юрский период 2014;Jurassic
Я иду искать;Ready or Not
Я – легенда 2;Untitled I Am Legend Reboot
Я – легенда;I Am Legend
Я – начало;I Origins
Я – Четвертый;I Am Number Four
Я, снова я и Ирэн;Me, Myself & Irene;10
Я;I Am
Явление;The Happening
Яков лжец;Jakob the Liar
